prediction	error	relative_error	error_decile	abs_error_decile
16189.272830388352	-3302.2728303883523	-0.2562483766887835	1	2
17272.964589989213	6855.035410010787	0.2841112156005797	7	5
8789.967041330357	9.03295866964254	0.001026589233963239	3	0
3805.0192001107544	139.98079988924565	0.03548309249410536	3	0
3878.915664064973	67.08433593502696	0.017000591975424976	3	0
5004.97566056937	14.02433943062988	0.0027942497371249014	3	0
18957.623051774688	-5065.623051774688	-0.3646431796555347	0	4
4887.484798339871	-418.4847983398713	-0.09364170918323368	3	0
4604.832081649997	-146.83208164999724	-0.03293676124943859	3	0
2884.0705538339653	46.92944616603472	0.0160114111791316	3	0
5816.365268629773	-36.3652686297728	-0.00629156896708872	3	0
6675.259150416026	-121.25915041602639	-0.018501548736043087	3	0
2606.957280023071	88.04271997692922	0.032668912792923645	3	0
8222.358741682576	152.64125831742422	0.01822582188864767	3	0
4697.638055979256	104.36194402074398	0.021733016247551848	3	0
6949.896520597204	17.103479402796438	0.002454927429710986	3	0
5851.719748972628	77.28025102737229	0.013034280827689709	3	0
7775.445154048992	-219.44515404899175	-0.02904250318276757	3	0
8554.460585267392	-61.46058526739216	-0.007236616656940087	3	0
3073.492327345257	60.507672654743146	0.019306851517148418	3	0
12559.922987267411	-769.9229872674114	-0.06530305235516635	3	0
2225.6692590566818	49.33074094331823	0.021683842172887137	3	0
4092.7185057693914	-15.718505769391413	-0.003855409803628014	3	0
21595.460479494915	-6528.389989318486	-0.6462464155736328	0	5
2635.2395221963725	-113.23952219637249	-0.044900682869299165	3	0
2883.3492606755885	41.65073932441146	0.01423956899979879	3	0
15670.206001798215	-4305.206001798215	-0.37881267063776636	1	3
6378.514329690237	124.48567030976301	0.01914280644468138	3	0
6450.63868286673	-81.63868286673005	-0.012818132024922288	3	0
16889.987361601212	-5055.987361601212	-0.42724246760192763	0	4
8741.721119024702	-72.7211190247017	-0.0083886398690393	3	0
4879.8519824742325	81.1480175257675	0.016357189583907982	3	0
10863.543941232827	-116.54394123282691	-0.010844323181615977	3	0
5296.70017066911	46.299829330890134	0.008665511759477846	3	0
10482.777046603802	-2362.777046603802	-0.29098239490194605	2	1
3112.827169793364	-735.8271697933642	-0.30956128304306446	3	0
9798.244369163313	8132.7556308366875	0.45355839779358026	7	6
3628.749362857438	-33.74936285743797	-0.009387861712778296	3	0
8671.06449991354	-41.0644999135402	-0.004758342979552747	3	0
5021.847856195645	-645.8478561956454	-0.14758863258584218	3	0
18690.610730275126	-648.6107302751261	-0.03595004601901819	3	0
2549.843048198652	-9.843048198652014	-0.0038752158262409502	3	0
5721.957957773999	-0.9579577739987144	-0.00016744586156243916	3	0
5431.593956056629	-35.593956056629395	-0.006596359536069198	3	0
8695.510093636292	-312.51009363629237	-0.03727902822811552	3	0
4842.435912916638	-122.43591291663779	-0.0259398120586097	3	0
10978.395700824138	-2895.3957008241377	-0.3582080540423281	1	2
5276.755030113626	-21.755030113626162	-0.0041398725240011725	3	0
3015.3685674540347	19.631432545965254	0.006468346802624466	3	0
25120.042227281825	-6528.389989318486	-0.3793884041119008	0	5
12576.282471671357	3737.7175283286433	0.22911104133435353	5	3
20088.405541516582	-6528.389989318486	-0.6600616099096424	0	5
3670.458651310925	161.54134868907522	0.04215588431343299	3	0
6707.985216071764	130.01478392823628	0.019013568869294572	3	0
6255.1087993301	-72.10879933009983	-0.011662429133123051	3	0
8794.197968334714	-84.19796833471446	-0.009666816111907516	3	0
9008.02057413254	72.97942586745921	0.008036496626743665	3	0
4551.2485818400655	-1013.2485818400655	-0.28639021533071385	2	0
4801.256067932907	-70.25606793290717	-0.014850151750773023	3	0
38567.181461499305	-6528.389989318486	-0.3885073970873886	0	5
2858.814213323392	-63.81421332339187	-0.02283156111749262	3	0
9742.263031065313	-117.26303106531304	-0.012183172058733822	3	0
4297.1805004345915	-132.18050043459152	-0.031736014510106006	3	0
9600.93740440126	-108.93740440126021	-0.011476759839997915	3	0
13217.86957711966	-5012.86957711966	-0.6109530258524875	0	4
10370.735730736224	-493.73573073622356	-0.049988430772119424	3	0
10842.902485732075	94.09751426792536	0.008603594611678282	3	0
15698.045357673695	-5587.0453576736945	-0.5525709976929774	0	4
5130.884316923148	-11.884316923147708	-0.0023216090883273507	3	0
5987.8129196658965	-31.812919665896516	-0.005341322979499079	3	0
5393.726988011859	33.27301198814075	0.006131013817604708	3	0
9884.3581378591	1079.6418621408993	0.09847153065860081	4	0
18697.1898942014	-5755.189894201401	-0.4446909205842529	0	4
8090.494265328956	114.50573467104368	0.013955604469353282	3	0
12156.903350740804	7425.096649259196	0.37917968794092516	7	6
24378.187441928756	11679.812558071244	0.32391737084894456	9	9
5816.365268629773	-36.3652686297728	-0.00629156896708872	3	0
10098.248174696924	-2829.2481746969243	-0.38922109983449227	1	2
4234.61319005913	96.38680994087008	0.0222550934982383	3	0
4471.994975223149	57.005024776851315	0.012586669193387351	3	0
4210.984428916431	-39.98442891643117	-0.009586293195020659	3	0
3412.765661367288	77.23433863271202	0.022130182989315766	3	0
3623.267081892413	59.73291810758701	0.016218549581207442	3	0
5347.302173259593	40.697826740407436	0.007553419959244142	3	0
7871.932953755175	-86.93295375517482	-0.01116672495249516	3	0
11302.113633488238	1000.8863665117624	0.08135303312295883	4	0
3667.207642169769	64.79235783023114	0.017361296310351323	3	0
8721.538611055137	-379.53861105513715	-0.04549731611785389	3	0
18425.73744808315	5449.2625519168505	0.22824136343107226	6	4
2608.2354671994644	64.76453280053556	0.024229155555755916	3	0
20218.951427903445	6624.048572096555	0.2467700544684482	7	5
9524.198246073845	75.80175392615456	0.007896016033974433	3	0
5754.576893718057	2.423106281942637	0.00042089739133969724	3	0
5054.011063680694	5.988936319306049	0.0011835842528272824	3	0
9180.925856607137	-84.92585660713667	-0.009336615721980725	3	0
3758.6012142326263	43.39878576737374	0.011414725346494934	3	0
7326.495717709921	111.50428229007866	0.014991164599365241	3	0
5754.395590304209	5.604409695791219	0.0009729877944081977	3	0
8580.922411745261	-85.92241174526134	-0.010114468716334472	3	0
11209.173409727846	-2612.173409727846	-0.3038470873243976	2	2
5071.115135525733	81.88486447426658	0.015890716955999723	3	0
9241.830205770337	186.16979422966324	0.01974647796241655	3	0
3110.2124141438353	-7.2124141438353035	-0.0023243358504142133	3	0
15424.44896289343	5999.55103710657	0.2800387900068414	6	4
4941.457471108244	-77.45747110824414	-0.01592464455350414	3	0
2932.0009706492942	41.99902935070577	0.014122067703667036	3	0
2195.2962310881853	-131.29623108818532	-0.06361251506210529	3	0
17272.964589989213	6855.035410010787	0.2841112156005797	7	5
10363.068630611702	188.93136938829775	0.017904792398436103	3	0
5786.366844109177	-331.3668441091768	-0.06074552595951912	3	0
10634.891985616057	-2929.8919856160574	-0.38025853155302497	1	2
6946.347479638162	92.65252036183756	0.013162739076834431	3	0
4840.837996376089	-102.837996376089	-0.02170493802787864	3	0
2660.1300411507214	61.869958849278646	0.022729595462629922	3	0
14983.174121897287	787.8258781027125	0.0499540852262198	3	0
2209.6996548138545	-45.69965481385452	-0.02111813993246512	3	0
16536.952451941008	-2494.952451941008	-0.17767785585678733	2	2
12607.00776230556	-4111.00776230556	-0.4838756782374718	1	3
2432.874912450983	25.125087549016826	0.010221760597647202	3	0
14827.596811676272	-1629.5968116762724	-0.1234730119469823	2	1
8686.608280177226	-44.608280177226334	-0.005161800529648962	3	0
7504.958034408111	114.04196559188858	0.014968101534569967	3	0
2863.8333828754508	-76.83338287545075	-0.027568490446878632	3	0
8571.681401132522	91.3185988674777	0.010541221155197704	3	0
35511.69937723243	-580.6993772324277	-0.016624184169718236	3	0
11273.862440416759	-3693.8624404167585	-0.4873169446460104	1	3
4775.466199914833	-27.46619991483294	-0.005784793579366668	3	0
9131.042996693765	-55.04299669376451	-0.006064675704469426	3	0
16292.869935209988	-1657.8699352099884	-0.11328117083771701	2	1
5442.1997271565015	-85.19972715650147	-0.015904373185831894	3	0
2518.750091873526	-59.75009187352589	-0.024298532685451766	3	0
19353.03679192194	-5575.036791921939	-0.4046332408130308	0	4
2263.9193181222786	8.080681877721418	0.0035566381504055535	3	0
14873.213627931931	-2704.213627931931	-0.22222151597764248	2	2
18962.026954855468	-4938.026954855468	-0.3521125894791406	0	4
2716.1449551411088	21.855044858891233	0.007982120109164074	3	0
4485.418386703729	106.58161329627092	0.02321028164117398	3	0
2292.382267884112	-2.382267884112025	-0.001040291652450666	3	0
9687.357825986846	481.64217401315364	0.047363769693495296	3	0
2648.221133564373	141.77886643562715	0.05081679800560113	3	0
21422.43151580483	-6528.389989318486	-0.6970951054269849	0	5
5595.468715192414	-0.4687151924135833	-8.377393966283883e-05	3	0
2680.6203939778725	-15.620393977872482	-0.005861311061115378	3	0
2900.7510593952534	-62.75105939525338	-0.02211101458606532	3	0
18973.876406453117	7926.123593546883	0.29465143470434507	7	6
4326.601206291467	34.39879370853305	0.007887822450936265	3	0
2377.3774710361677	126.62252896383234	0.05056810262133879	3	0
18961.312449937264	1353.6875500627357	0.06663487817192891	4	1
8961.469415371928	35.530584628071665	0.003949159122826683	3	0
2777.096993001803	29.903006998196815	0.010653012824437768	3	0
5163.2460168180005	42.7539831819995	0.008212443945831637	3	0
6194.21717853255	-17.21717853254995	-0.002787304279188919	3	0
8218.162538526516	69.83746147348393	0.008426334637244683	3	0
10884.6561183607	-406.6561183606991	-0.03881047130756815	3	0
3906.2313442244667	108.76865577553326	0.02709057429029471	3	0
13180.119448922784	7296.880551077216	0.3563451946611914	7	5
8041.390094132495	119.6099058675054	0.014656280586632202	3	0
17216.03718479174	-4917.037184791741	-0.3997916240988488	0	4
7588.893680717627	172.10631928237308	0.02217579168694409	3	0
2516.0651157531315	-126.06511575313152	-0.0527469103569588	3	0
4247.597436083401	-116.59743608340068	-0.02822499057937562	3	0
4770.122223662093	68.87777633790665	0.014233886409982776	3	0
16232.456738062503	-5020.456738062503	-0.4477753066413221	0	4
2779.306784185619	37.69321581438089	0.013380623292289987	3	0
4043.7860215469163	-69.78602154691634	-0.017560649609188815	3	0
2759.111914477374	0.8880855226261701	0.0003217701168935399	3	0
10274.725532705967	-2189.7255327059665	-0.2708380374404411	2	1
2699.926467510179	-14.926467510179009	-0.005559205776602983	3	0
12460.093289902885	-5383.093289902885	-0.7606462187230302	0	4
5468.444897672299	-139.4448976722988	-0.026167179146612648	3	0
4723.758779865148	115.24122013485157	0.023815089922473977	3	0
10150.640188704301	-2863.640188704301	-0.39297930406261855	1	2
8069.2473567805855	17.752643219414495	0.0021952075206398535	3	0
10611.461859572097	7842.538140427903	0.4249776818265906	7	6
23196.976125465357	12204.841828598455	0.3974341864180233	9	9
6378.514329690237	124.48567030976301	0.01914280644468138	3	0
11969.79117589036	-4013.791175890359	-0.5044986395035645	1	3
6830.838551748701	111.16144825129868	0.016012885083736484	3	0
3472.750074169012	63.249925830988104	0.017887422463514737	3	0
11607.24559556535	-4874.2455955653495	-0.7239336990294593	0	3
4313.083968735269	16.91603126473092	0.003906704680076424	3	0
13982.77685651508	-3494.77685651508	-0.3332167101940389	1	2
8888.487478548983	-711.4874785489828	-0.08701082041689896	3	0
5402.544841534895	-116.54484153489466	-0.02204783229945037	3	0
16725.197622648662	-4032.197622648662	-0.3176709700345594	1	3
2195.5069597485704	-33.50695974857035	-0.015498131243557055	3	0
18235.038895925514	-6415.038895925514	-0.5427274869649336	0	5
4944.583997689824	20.416002310175827	0.004111984352502684	3	0
2218.3862738954017	-42.3862738954017	-0.01947898616516622	3	0
5980.084989402257	62.915010597743276	0.010411221346639628	3	0
10990.947298848894	-126.9472988488942	-0.011685134282851086	3	0
2615.1590802596365	-34.15908025963654	-0.013234823812334963	3	0
9529.441611465025	-2244.441611465025	-0.30809081832052504	2	1
2632.755030084271	-13.755030084270857	-0.005252016068831942	3	0
5069.383042659497	-19.383042659496823	-0.0038382262692072916	3	0
11931.612849069887	-4534.612849069887	-0.6130340474611176	1	3
14842.894269204135	-4433.894269204135	-0.4259673618218978	1	3
11977.581934225878	1886.4180657741217	0.13606593088388066	4	1
2946.9133768952806	73.08662310471937	0.024200868577721645	3	0
9458.577283039422	-283.5772830394217	-0.030907605780863396	3	0
8580.071802442717	28.928197557283056	0.003360227384978866	3	0
10363.068630611702	-149.06863061170225	-0.014594539907157063	3	0
2455.8870384367533	23.1129615632467	0.009323502042455304	3	0
5169.073106075611	-66.07310607561067	-0.012947894586637403	3	0
14842.894269204135	-4433.894269204135	-0.4259673618218978	1	3
2935.326027292681	-32.32602729268092	-0.011135386597547682	3	0
3226.279326443327	15.720673556672864	0.004849066488794838	3	0
11253.987498168915	-5579.987498168915	-0.9834310007347401	0	4
2408.9933757721356	-11.99337577213555	-0.005003494272897601	3	0
8782.347146324159	51.65285367584147	0.005847051582051332	3	0
2889.3788096989992	2.621190301000752	0.000906359025242307	3	0
5872.858596116326	361.1414038836738	0.05793092779654697	3	0
4466.302577716389	62.69742228361065	0.0138435465408723	3	0
4311.531618681818	-38.531618681818145	-0.00901746283215964	3	0
5187.548234167574	-16.548234167574265	-0.0032001999937293106	3	0
6936.381916022557	42.61808397744335	0.006106617563754599	3	0
2895.7545928202044	16.24540717979562	0.005578779938116628	3	0
5090.31158035065	-80.31158035064982	-0.01603025555901194	3	0
2823.7230557857056	41.27694421429442	0.014407310371481472	3	0
11736.81335812482	4991.18664187518	0.29837318519100786	6	4
2438.82520548412	52.17479451587997	0.02094532096181452	3	0
6029.245382466125	32.75461753387481	0.00540326914118687	3	0
17114.212633763345	-1848.2126337633454	-0.12106724968972524	2	1
5634.040296643722	-35.040296643722286	-0.006258313385197765	3	0
5206.99485005844	69.00514994156038	0.013079065568908334	3	0
5124.406306418224	77.59369358177628	0.01491612717834992	3	0
3308.8170079813945	22.182992018605546	0.006659559297089626	3	0
5365.988485400217	10.011514599783368	0.0018622609002573228	3	0
6460.875380910691	166.1246190893089	0.025067846550371045	3	0
5583.322033287524	-17.32203328752439	-0.0031121152151499087	3	0
4975.242722649406	171.75727735059445	0.03337036668944909	3	0
5586.0640779960695	13.9359220039305	0.002488557500701875	3	0
4801.927097934522	3.072902065478047	0.0006395217618060452	3	0
2307.2841533563437	88.71584664365628	0.037026647180157045	3	0
3075.055699197037	43.94430080296297	0.01408922757389002	3	0
12014.650415184813	-2568.650415184813	-0.27192996137887077	2	2
5564.252531853534	118.74746814646642	0.02089520819047447	3	0
4772.247986468696	25.75201353130433	0.00536723916867535	3	0
14842.894269204135	-4433.894269204135	-0.4259673618218978	1	3
14681.627751734866	-5434.627751734866	-0.5877179357342778	0	4
8420.426579637548	-144.42657963754755	-0.017451254185300573	3	0
9214.266402452457	121.73359754754347	0.013039159977243302	3	0
5638.20359318053	48.79640681946967	0.008580342328023504	3	0
13055.231842802023	-4434.231842802023	-0.5143523770794598	1	3
12672.03552442996	-5845.035524429961	-0.8561645707382395	0	4
3932.6400333389056	49.359966661094404	0.012395772642163336	3	0
9650.721633438756	-2172.721633438756	-0.29054849337239314	2	1
9822.893638807853	-2692.8936388078528	-0.3776849423292921	2	2
5732.921812658879	-72.92181265887939	-0.012883712483900953	3	0
4042.3121743861134	39.687825613886616	0.009722642237600837	3	0
5872.021659720975	-72.02165972097464	-0.012417527538099075	3	0
10654.739132911294	-2665.7391329112943	-0.3336761963839397	2	2
2422.556221405738	-40.55622140573814	-0.01702612149695136	3	0
5122.9568268602925	85.0431731397075	0.016329334320220334	3	0
12751.251529015502	-5480.2515290155025	-0.7537135922177833	0	4
2617.0480277778875	43.951972222112545	0.01651708839613399	3	0
13092.505339217665	-5438.505339217665	-0.7105442042353887	0	4
2261.8680639262184	-61.86806392621838	-0.028121847239190173	3	0
2529.1409741639845	5.859025836015462	0.0023112527952723716	3	0
4388.945059492981	-25.945059492981272	-0.005946610014435314	3	0
9333.535110527411	-143.53511052741123	-0.01561861920864105	3	0
4703.956154438928	89.04384556107198	0.018577893920524093	3	0
12007.95433887735	-4495.954338877351	-0.5985029737589658	1	3
20607.22964612264	-6528.389989318486	-0.703358377097259	0	5
4115.911906527335	187.0880934726647	0.04347852509241568	3	0
17410.975750092482	-5483.9757500924825	-0.4597950658248078	0	4
15224.098362365768	-2991.0983623657685	-0.2445106157414999	1	2
14218.773881585927	-3204.7738815859266	-0.29097275118811755	1	2
13821.064411035342	-5417.064411035342	-0.6445816767057762	0	4
3729.0341548543597	36.96584514564029	0.009815678477334118	3	0
2416.8894290216754	40.11057097832463	0.01632501871319684	3	0
3618.3916648232207	-109.39166482322071	-0.03117459812573973	3	0
17058.39339043028	-4034.3933904302794	-0.3097660772750522	1	3
7860.5106520381	-20.51065203809958	-0.002616154596696375	3	0
5558.381603117349	263.6183968826508	0.045279697162942424	3	0
13317.657448058591	-4846.657448058591	-0.5721470249154281	0	3
5629.903650639162	60.09634936083785	0.010561748569567285	3	0
3618.948061351105	68.05193864889497	0.018457265703524538	3	0
3996.1846766419076	-3.184676641907572	-0.0007975648990502309	3	0
4249.108582918941	206.89141708105944	0.04642985123004027	3	0
4934.52942460007	8.470575399929658	0.0017136506979424757	3	0
6684.954929163456	-168.95492916345574	-0.025929240203108616	3	0
10859.663159396052	112.33684060394808	0.010238501695584039	3	0
2652.1347250901467	4.8652749098532695	0.001831115886282751	3	0
17649.262256329133	-855.2622563291334	-0.05092665572997102	3	0
5206.787512868533	68.21248713146724	0.012931277181320804	3	0
6446.324363753531	-260.32436375353063	-0.042082826342310156	3	0
12951.625864601272	9493.374135398728	0.4229616455958444	8	7
2935.5678755862905	-17.567875586290484	-0.006020519392148898	3	0
35018.3306072566	-3083.3306072565974	-0.09655019906862682	1	2
3185.9362870436657	45.06371295633426	0.013947295870112739	3	0
6284.932881256949	340.06711874305074	0.05133088584800766	3	0
18170.40111692137	11971.59888307863	0.3971733422824839	9	9
11125.647706272865	-767.6477062728645	-0.07411157619934973	3	0
4809.780905862061	-23.780905862061445	-0.0049688478608569675	3	0
4424.0935560341495	88.90644396585049	0.01970007621667416	3	0
5385.814029767357	-8.81402976735717	-0.0016392095531629477	3	0
2651.296188719617	25.70381128038298	0.009601722555242054	3	0
6812.963449521101	65.03655047889879	0.00945573574860407	3	0
7188.102558578614	105.89744142138625	0.014518431782476865	3	0
6359.157874036628	87.84212596337238	0.013625271593512081	3	0
5557.038209788613	34.96179021138687	0.00625210840690037	3	0
8906.14560832085	137.85439167914956	0.015242635081728169	3	0
4707.980507426084	47.01949257391607	0.009888431666438711	3	0
6279.480183030688	-94.48018303068784	-0.015275696528809675	3	0
2970.7510501470592	51.24894985294077	0.016958620070463525	3	0
19912.836745694694	6663.163254305306	0.2507210736869847	7	5
13312.254804424436	-4717.254804424436	-0.5488370918469384	0	3
9323.238346374512	48.76165362548818	0.005202907983940267	3	0
14567.519720650795	-4692.519720650795	-0.4751918704456501	0	3
6994.470676549398	-65.47067654939838	-0.009448791535488292	3	0
6482.568640347824	-207.56864034782393	-0.03307866778451377	3	0
4683.91874923425	38.081250765750156	0.00806464438071795	3	0
2820.8163518143842	37.183648185615766	0.013010373752839666	3	0
6815.200679308333	60.79932069166716	0.008842251409492024	3	0
3618.3916648232207	-109.39166482322071	-0.03117459812573973	3	0
4471.321051090938	82.67894890906155	0.018155236914594104	3	0
4400.83196444949	25.168035550509558	0.00568640658619737	3	0
4889.936044389229	-13.93604438922921	-0.002858089497380888	3	0
5127.819433653171	54.18056634682944	0.010455531907917684	3	0
18987.965361783128	-3348.965361783128	-0.21414191200096733	1	2
9317.698646529738	86.30135347026226	0.00917708990538731	3	0
16092.03501934886	892.9649806511406	0.052573740397476636	3	0
8373.600148491812	220.39985150818757	0.025645782116382076	3	0
4623.012193309408	49.98780669059215	0.010697155294370245	3	0
4335.337505822529	12.662494177470762	0.002912257170531454	3	0
22716.019769639144	11156.980230360856	0.329376796574288	9	9
6329.002324025146	28.997675974854246	0.004560817234170218	3	0
19292.63563544106	-3619.63563544106	-0.230947210836538	1	2
6583.658128977708	38.34187102229225	0.0057900741501498414	3	0
4956.8372586248	48.16274137520031	0.009622925349690371	3	0
14620.962559026028	5913.0374409739725	0.287963253188564	6	4
3510.0904417078127	-222.09044170781272	-0.06754575477731531	3	0
8365.454158575902	-64.4541585759016	-0.007764625777123431	3	0
2393.346944946548	-24.346944946547865	-0.010277308968572336	3	0
2549.256269244167	40.743730755832985	0.015731170175997292	3	0
6584.689540230811	-52.68954023081096	-0.008066371743847361	3	0
8695.510093636292	-312.51009363629237	-0.03727902822811552	3	0
2895.138146828721	31.861853171279108	0.010885498179459894	3	0
4909.772709633642	-1.77270963364208	-0.0003611877819156642	3	0
3737.798150009758	154.20184999024195	0.03962020811671171	3	0
2579.9067113966435	102.09328860335654	0.03806610313324256	3	0
18845.690310147384	-5235.690310147384	-0.3846943651834962	0	4
12647.191852339742	-3009.1918523397417	-0.312221607422675	1	2
10846.377537858996	-3622.377537858996	-0.5014365362484767	1	2
2298.333191569775	-18.333191569774954	-0.00804087349551533	3	0
4972.407628003557	2.5923719964430347	0.000521079798280007	3	0
3022.8188545625717	10.181145437428313	0.0033567904508500866	3	0
15384.489556936578	722.5104430634219	0.04485692202541888	3	0
6116.748691731379	129.25130826862096	0.020693453132984464	3	0
12577.028920354818	-2829.028920354818	-0.29021634390180734	1	2
3163.951166711756	-118.95116671175583	-0.03906442256543705	3	0
5883.22331788946	24.776682110539696	0.004193751203544295	3	0
2361.510717556624	-85.51071755662406	-0.037570614040695983	3	0
4214.38638002533	33.613619974669746	0.00791281072850041	3	0
2660.1986912438965	59.80130875610348	0.021985775277979222	3	0
5425.830539005122	134.16946099487814	0.024131198020661535	3	0
10356.021378230747	192.97862176925264	0.01829354647542446	3	0
8207.88773682976	-13.887736829759888	-0.0016948665889382339	3	0
5193.047611802198	119.95238819780207	0.02257714816446491	3	0
5444.539163916575	17.46083608342542	0.0031967843433587367	3	0
16795.48743944164	1584.5125605583598	0.08620851798467681	4	1
9485.89842878114	95.10157121886004	0.009926058993722998	3	0
3339.220774699212	63.77922530078786	0.01874205856620272	3	0
8840.118749489524	-49.11874948952391	-0.00558739045495665	3	0
10923.467890396176	-2655.467890396176	-0.3211741522007953	2	2
11064.452348800942	10140.547651199058	0.4782149328554142	8	8
2891.7888243591697	-1.7888243591696664	-0.0006189703664946942	3	0
11103.719765188654	-2721.7197651886545	-0.32471006504278865	2	2
2410.5629248133105	-63.562924813310474	-0.02708262667801895	3	0
4700.3555772088175	-171.35557720881752	-0.03783519037509771	3	0
3148.1515966478287	153.84840335217132	0.04659249041555764	3	0
3618.3916648232207	-109.39166482322071	-0.03117459812573973	3	0
2818.8001790280437	-34.80017902804366	-0.012500064306050164	3	0
8148.226031332872	501.77396866712843	0.05800855129099751	3	0
8058.857573808388	337.1424261916118	0.04015512460595662	3	0
11006.564171347769	-2748.564171347769	-0.3328365429096354	2	2
5460.8353744704455	22.16462552955454	0.004042426687863312	3	0
6151.4273330551005	163.57266694489954	0.0259022433800316	3	0
6655.269296459837	-174.26929645983728	-0.026889260370288114	3	0
8708.656453858688	153.3435461413119	0.017303492004210323	3	0
4000.35068061894	157.6493193810602	0.0379146992258442	3	0
2605.5833508875144	-52.58335088751437	-0.020596690516065167	3	0
5473.502351254793	138.4976487452068	0.02467883976215374	3	0
5999.423142651384	-340.4231426513843	-0.060156059842973016	3	0
6082.282166897322	207.71783310267801	0.033023502878009224	3	0
11276.022318840842	-4465.022318840842	-0.6555604637851772	1	3
10355.769562321868	5407.230437678132	0.3430330798501638	6	4
5600.544484316582	-68.54448431658238	-0.012390543079642513	3	0
2860.711128977431	-49.711128977431144	-0.017684499814098593	3	0
2584.166549501861	24.833450498138973	0.00951837888008393	3	0
2414.2821348617204	-45.28213486172035	-0.01911445118688069	3	0
2644.590329131343	7.409670868657031	0.002793993540217583	3	0
4616.114741372825	82.88525862717506	0.017638914370541617	3	0
7023.844941957314	-42.844941957314404	-0.006137364554836614	3	0
2618.7116354567065	39.28836454329348	0.014781175524188669	3	0
11814.882095842133	-1018.8820958421329	-0.09437588883309864	2	0
4071.289580821151	123.71041917884895	0.029489968814981872	3	0
11646.48690646131	3181.5130935386896	0.21456117436867342	5	2
2603.4443305376712	48.55566946232875	0.018309075966187312	3	0
5169.51948182228	67.48051817772011	0.012885338586541934	3	0
5243.773913704453	-84.77391370445275	-0.01643223758566636	3	0
9570.878999841343	142.1210001586569	0.014632039550978781	3	0
2273.088084962913	-131.08808496291294	-0.06119891921704619	3	0
12825.917790020794	-5337.917790020794	-0.712862952727136	0	4
5385.185681413673	103.81431858632732	0.018913156965991496	3	0
4733.490535884627	-36.49053588462721	-0.007768902679290442	3	0
7226.3244667660665	17.675533233933493	0.0024400239141266554	3	0
5427.2859766685715	11.714023331428507	0.0021537090147873703	3	0
2549.5344517065864	-51.534451706586424	-0.02063028491056302	3	0
4555.236040087611	-64.2360400876114	-0.014303282139303363	3	0
2445.833018447891	-24.833018447890936	-0.010257339301070192	3	0
4873.651769569931	-410.6517695699313	-0.09201249598250756	3	0
7979.325374996315	-605.3253749963151	-0.08208914768054178	3	0
5058.648141053781	9.351858946219181	0.0018452760351655843	3	0
10995.40636491451	5240.59363508549	0.32277615392248643	6	4
9002.30184493997	101.69815506003033	0.011170711232428639	3	0
13225.89850654487	-5134.8985065448705	-0.6346432463904178	0	4
3956.652622056326	-93.65262205632598	-0.024243495225556817	3	0
6835.907168163864	76.0928318361357	0.011008800902218707	3	0
2606.541400483725	-35.54140048372483	-0.01382395973696026	3	0
12144.703903782254	-1509.7039037822542	-0.14195617336927638	2	1
15275.556579436434	-161.55657943643382	-0.01068920070374711	3	0
8881.480210392307	-325.4802103923066	-0.03804116530999376	3	0
19086.70618311416	7683.293816885842	0.2870113491552425	7	6
11425.410520520345	-3365.410520520345	-0.4175447295930949	1	2
6592.358926544732	93.64107345526827	0.014005544937970127	3	0
2663.676199834184	21.32380016581601	0.007941825015201494	3	0
2480.430444338636	-66.43044433863588	-0.027518825326692576	3	0
14085.397108297024	-5650.397108297024	-0.6698751758502696	0	4
5584.262355957459	-39.26235595745857	-0.00708067735932526	3	0
3744.3128648261695	-143.31286482616952	-0.039798074097797696	3	0
2414.134943469779	-40.134943469779046	-0.016906041899654188	3	0
2658.1432345697785	-2.143234569778542	-0.0008069407265732464	3	0
12530.211365351535	-4749.211365351535	-0.6103600263914066	0	3
4616.502851681706	145.49714831829442	0.030553790071040407	3	0
4870.298526880393	13.701473119606817	0.0028053794266189223	3	0
15330.831915073286	-25.831915073285927	-0.0016878088907733373	3	0
5850.396770983143	9.603229016856858	0.001638776282740078	3	0
14872.78496213061	-4319.78496213061	-0.4093418897119881	1	3
13522.297859265002	213.70214073499847	0.015557814555547354	3	0
3907.269191926553	156.73080807344695	0.03856565159287573	3	0
15441.119594299753	5854.880405700247	0.2749286441444519	6	4
17058.39339043028	-4034.3933904302794	-0.3097660772750522	1	3
6103.252201252533	1.7477987474667316	0.0002862897211247718	3	0
5562.449469317111	71.55053068288908	0.012699774704098167	3	0
4753.675429559017	17.324570440982825	0.003631224154471353	3	0
7217.140589878625	196.85941012137482	0.02655238874040664	3	0
5141.0240932992	-63.0240932992001	-0.012411203879322588	3	0
3122.9747870997344	13.025212900265615	0.004153447991156127	3	0
6410.082264778079	110.91773522192125	0.017009313789590745	3	0
2935.9878724006344	54.01212759936561	0.018064256722195856	3	0
2500.595836380863	20.404163619136853	0.008093678547852777	3	0
11717.132967891646	-4499.132967891646	-0.6233212756846283	1	3
12340.339718949446	12204.841828598455	0.5253350365816815	9	9
7869.308920056988	29.691079943011573	0.003758840352324544	3	0
19900.706743451123	-5897.706743451123	-0.4211745157074286	0	4
22269.402416976256	-6528.389989318486	-0.728185815379191	0	5
4235.315609341237	-1.3156093412371774	-0.00031072492707538436	3	0
5162.409554128642	95.59044587135759	0.018180001116652262	3	0
6141.558244431794	-36.558244431794265	-0.005988246426174327	3	0
15443.9007944677	-3804.9007944676996	-0.32690959656909524	1	3
3801.518050521506	121.48194947849379	0.030966594310092733	3	0
4955.230074783811	92.76992521618922	0.018377560462795012	3	0
4581.175850165827	23.824149834173113	0.005173539594825866	3	0
4948.066236947269	21.933763052730683	0.004413232002561505	3	0
8774.022569033245	36.97743096675549	0.004196734873085404	3	0
19149.559685740973	5037.440314259027	0.208270571557408	6	4
2462.7614514869288	28.238548513071237	0.011336229832625949	3	0
4889.293554825732	54.70644517426808	0.011065219493177202	3	0
12365.852131878391	12204.841828598455	0.5327116301296757	9	9
12771.110638794913	12204.841828598455	0.5125530290536293	9	9
6426.550900160648	44.44909983935213	0.00686896922258571	3	0
15292.927124133776	-4322.927124133776	-0.3940681061197608	1	3
4388.945059492981	-25.945059492981272	-0.005946610014435314	3	0
4362.27459132767	71.72540867232965	0.016176231094345885	3	0
3017.932377485086	17.067622514914092	0.005623598851701513	3	0
9150.803215990893	-55.80321599089257	-0.006135592742264164	3	0
4888.075680231035	-156.07568023103522	-0.03298302625338868	3	0
2718.389145398223	-3.3891453982228086	-0.0012483040140783826	3	0
26695.508097513175	-5103.508097513175	-0.23636106416789435	0	4
2511.6503854425937	-59.65038544259369	-0.024327237129932174	3	0
3265.6615001604223	132.3384998395777	0.03894599759846313	3	0
6820.7473848599975	-51.74738485999751	-0.007644760652976438	3	0
2736.5339517653406	-38.53395176534059	-0.014282413552757816	3	0
8503.736920992142	54.26307900785832	0.0063406261986279884	3	0
11210.666198137455	-168.66619813745456	-0.015274968134165418	3	0
9845.843578928072	-2719.843578928072	-0.3816788631670042	2	2
21099.88644397303	9619.113556026969	0.3131323791798876	8	7
23346.41761860423	-1242.4176186042314	-0.05620781843124464	2	1
2413.2492539779764	18.750746022023577	0.007710010699845221	3	0
4379.822811471937	5.177188528063198	0.0011806587293188592	3	0
5959.037597629994	45.9624023700062	0.007654022043298285	3	0
7352.859085999234	110.14091400076632	0.014758262629072266	3	0
5621.896925936014	17.10307406398624	0.003032997705973797	3	0
2745.387475003881	-25.38747500388081	-0.00933363051613265	3	0
16854.935074039564	-3978.935074039564	-0.3090194993817617	1	3
2324.1840612258693	-23.1840612258693	-0.010075645904332594	3	0
17343.75981498827	3117.2401850117312	0.15235033405071752	5	2
8580.700150795334	-160.70015079533368	-0.019085528598020627	3	0
4863.707532256257	267.29246774374315	0.052093640176133924	3	0
2632.755030084271	-13.755030084270857	-0.005252016068831942	3	0
4398.923049313056	-201.92304931305625	-0.048111281704326006	3	0
3566.31451084622	78.68548915378005	0.021587239822710578	3	0
23367.420671190455	7483.579328809545	0.24257169390974506	7	6
4500.453921230972	-275.4539212309719	-0.06519619437419454	3	0
12024.858698838714	-3853.858698838714	-0.4716508014733465	1	3
12622.834201833577	-3975.834201833577	-0.4597934777186975	1	3
2563.521850455611	30.478149544388998	0.011749479392594062	3	0
4823.255768879952	91.74423112004843	0.018666171133275365	3	0
4820.583617448084	76.41638255191629	0.01560473403143073	3	0
4622.776883258511	46.22311674148932	0.009900003585669163	3	0
4593.026263900092	-21.02626390009209	-0.004598920363099757	3	0
3222.4354380251375	75.5645619748625	0.022912238318636296	3	0
17244.138777128883	-3779.138777128883	-0.28066385273886985	1	3
16273.786595795578	12204.841828598455	0.5135182770597997	9	9
4257.246066643335	-146.24606664333533	-0.035574329030244545	3	0
2404.5542296424364	-47.55422964243644	-0.020175744438878422	3	0
2502.5074262086564	-122.5074262086564	-0.0514737084910321	3	0
2681.566121200571	40.43387879942884	0.014854474209929773	3	0
2908.204386821172	35.79561317882781	0.01215883599824314	3	0
5697.441007946531	-39.44100794653059	-0.006970839156332731	3	0
10578.515417153183	2468.484582846817	0.189199400846694	4	2
17785.24135036563	12204.841828598455	0.5527975521658126	9	9
5784.453378410481	-34.45337841048058	-0.0059918918974748835	3	0
5040.222094993455	-73.22209499345536	-0.014741714313157914	3	0
8890.191567958844	36.808432041156266	0.004123270084144311	3	0
15424.44896289343	5999.55103710657	0.2800387900068414	6	4
5531.711756959638	45.28824304036243	0.008120538468775763	3	0
3608.1451148526567	44.85488514734334	0.012278917368558264	3	0
2657.064300845724	14.93569915427588	0.005589707767318817	3	0
33188.64217444657	12204.841828598455	0.4634010966136367	9	9
2819.3918373504926	-34.39183735049255	-0.012348954165347415	3	0
5712.731872568002	-68.73187256800156	-0.012177865444365976	3	0
15508.001596529757	-1780.001596529757	-0.12966212095933546	2	1
11827.619528110363	12038.380471889637	0.5044155062385669	9	9
8235.59359765905	-39.59359765904992	-0.004830844028678614	3	0
2202.192603544362	-35.1926035443621	-0.016240241598690402	3	0
5604.030179052157	15.96982094784289	0.0028416051508617242	3	0
2520.695740793945	-75.69574079394488	-0.030959403187707516	3	0
14842.894269204135	-4433.894269204135	-0.4259673618218978	1	3
3633.1145891335846	45.88541086641544	0.012472250847082207	3	0
10842.502023810232	13.497976189768451	0.0012433655296396878	3	0
10044.562682375086	-105.5626823750863	-0.010621056683276618	3	0
12948.641666344927	2013.3583336550728	0.13456478636914002	4	1
2550.137237683851	1.862762316149201	0.0007299225376760192	3	0
5562.397262306647	115.60273769335345	0.02035976359516616	3	0
2527.660364395983	-7.660364395982924	-0.003039827141263065	3	0
5821.684874489376	45.31512551062406	0.007723730272818145	3	0
3548.58107928737	-11.581079287369903	-0.0032742661259174168	3	0
2796.7039477199155	-19.703947719915504	-0.007095407893379728	3	0
5430.882610815312	46.11738918468836	0.00842019156192959	3	0
10188.92303823679	-1932.9230382367896	-0.234123430018991	2	1
13041.529724868939	11297.470275131061	0.4641715056136678	9	9
7509.641275321204	-56.641275321204375	-0.007599795427506289	3	0
4127.247368299962	12.752631700038364	0.0030803458212653053	3	0
17385.592229193713	-1967.5922291937131	-0.12761656694731568	2	1
8445.347041119527	55.65295888047331	0.0065466367345575	3	0
2534.394558290307	75.60544170969297	0.028967602187621826	3	0
5015.182380200964	6.817619799036038	0.0013575507365663159	3	0
6288.8520677841	-361.85206778409975	-0.06105147085947355	3	0
16343.043333698239	-5020.043333698239	-0.4433492302126856	0	4
6157.103652655517	175.89634734448282	0.02777456929488123	3	0
4692.098740850175	-258.0987408501751	-0.05820900785975983	3	0
2901.6404166121047	47.35958338789533	0.01605953997554945	3	0
10866.087470811033	-2016.0874708110332	-0.2278064938769529	2	1
4622.776883258511	46.22311674148932	0.009900003585669163	3	0
6335.827907235234	30.172092764765694	0.004739568451895333	3	0
14604.947307815011	12204.841828598455	0.4701633481656082	9	9
6916.503707444293	-217.50370744429256	-0.03246808590002875	3	0
4192.142648285296	-95.14264828529576	-0.02322251605694307	3	0
12071.868480836412	-4197.868480836412	-0.5331303633269511	1	3
4066.770299154826	37.22970084517419	0.00907156453342451	3	0
7223.946541653168	-2.946541653168424	-0.0004080517453494563	3	0
7704.2747403729545	99.72525962704549	0.01277873649757118	3	0
6411.097469696909	103.90253030309123	0.015948201120965653	3	0
3167.9254370246754	-34.925437024675375	-0.011147601986809887	3	0
20935.241570619764	-6528.389989318486	-0.6430106396656541	0	5
3205.400555567286	-28.40055556728612	-0.008939425737263494	3	0
6850.21664552104	198.78335447896006	0.02820022052474962	3	0
2551.5494263127384	5.450573687261567	0.0021316283485575153	3	0
5651.697001496354	-95.69700149635355	-0.017224082342756217	3	0
16616.02992595604	-5586.029925956042	-0.5064397031691787	0	4
5339.392332912505	81.60766708749543	0.015053987656796795	3	0
2878.839504095376	-16.839504095376014	-0.005883823932696022	3	0
2324.1840612258693	-23.1840612258693	-0.010075645904332594	3	0
4080.6499747950024	107.35002520499756	0.02563276628581604	3	0
11006.564171347769	-2748.564171347769	-0.3328365429096354	2	2
5048.5727808660295	82.42721913397054	0.016064552549984512	3	0
5446.20595175217	60.79404824782978	0.01103941315558921	3	0
2293.259353852088	-66.25935385208822	-0.02975274084063234	3	0
8580.071802442717	28.928197557283056	0.003360227384978866	3	0
7352.859085999234	110.14091400076632	0.014758262629072266	3	0
2292.5659488444317	-52.56594884443166	-0.02346694144840699	3	0
11117.540961975534	-4224.540961975534	-0.6128740696323131	1	3
13586.84400893477	2962.1559910652304	0.17899305039973595	5	2
15246.438164887384	-2950.438164887384	-0.2399510543987788	1	2
12749.568029200806	-767.5680292008055	-0.06406009257225885	3	0
7001.588861220014	107.41113877998578	0.01510917692783595	3	0
2560.267739759171	28.732260240828964	0.01109782164574313	3	0
6034.03608148405	-63.036081484049646	-0.010557039270482273	3	0
4337.780542016519	32.219457983481334	0.007372873680430511	3	0
14063.355549068383	-3406.355549068383	-0.3196355023992102	1	2
10240.588017109243	141.41198289075692	0.01362088064831024	3	0
10264.577267554314	-31.57726755431395	-0.0030858269866426216	3	0
10734.386229576054	-3399.3862295760537	-0.4634473387288417	1	2
17605.30330763258	-2905.303307632581	-0.19763968079133204	1	2
17216.03718479174	-4917.037184791741	-0.3997916240988488	0	4
18524.30800833467	-3204.3080083346686	-0.2091584861837251	1	2
13113.648886901246	220.35111309875356	0.016525507207046163	3	0
2404.358242257561	-21.35824225756096	-0.008962753779924868	3	0
11048.863623414029	-3235.8636234140286	-0.41416403729860857	1	2
10540.768014075227	-635.7680140752273	-0.06418657385918498	3	0
3268.1895837523743	-95.18958375237435	-0.029999868815749873	3	0
7912.05668379749	-107.05668379749022	-0.013716423292439491	3	0
3014.500197061915	-46.50019706191506	-0.015667182298488902	3	0
11006.564171347769	-2748.564171347769	-0.3328365429096354	2	2
4987.44031250521	-33.440312505210386	-0.006750164009933465	3	0
5551.550170382639	5.449829617360592	0.000980714345395104	3	0
4684.095506097898	1.904493902102331	0.0004064220875165026	3	0
8460.061234341283	192.93876565871687	0.02229732643692556	3	0
7170.030996481829	-112.03099648182888	-0.01587290967438777	3	0
2884.45997385341	52.54002614659021	0.0178890112858666	3	0
2347.576600282722	57.42339971727779	0.023876673479117583	3	0
9471.240477517624	-195.24047751762373	-0.021047916938079315	3	0
19167.43252692766	5469.56747307234	0.22200622937339531	6	4
2285.140898450629	51.85910154937119	0.02219045851492135	3	0
15599.188251633861	-2867.188251633861	-0.22519543289615623	1	2
8402.77727394414	180.2227260558593	0.020997637895358186	3	0
7200.70509864578	-14.705098645779799	-0.0020463538332563037	3	0
3961.6380132507834	-22.638013250783388	-0.0057471473091605454	3	0
5562.787639545859	7.212360454141162	0.0012948582502946432	3	0
5076.04383395235	46.956166047650186	0.009165755621247352	3	0
4795.468546926535	45.531453073464945	0.009405381754485633	3	0
17119.23622287536	9104.763777124641	0.34719202932903603	8	7
2890.831793370564	-21.8317933705639	-0.007609548055268003	3	0
5796.499015848451	-51.499015848450654	-0.008964145491462254	3	0
5657.524565534526	1.4754344654738816	0.00026072353162641485	3	0
14873.213627931931	-2704.213627931931	-0.22222151597764248	2	2
33269.813671680684	-6528.389989318486	-0.505830255801606	0	5
9822.645652512136	-1605.6456525121357	-0.19540533680322936	2	1
4219.051952220305	-119.05195222030488	-0.029037061517147533	3	0
3607.852285036613	-148.852285036613	-0.043033329007404746	3	0
4648.432839254006	-228.43283925400556	-0.05168163784027275	3	0
12280.033052049146	-4536.033052049146	-0.5857480697377513	1	3
2745.934438141432	31.06556185856789	0.011186734554759773	3	0
10585.787506342307	8693.212493657693	0.45091615196108165	8	7
12749.568029200806	-767.5680292008055	-0.06406009257225885	3	0
7754.830922101455	110.16907789854486	0.01400751149377557	3	0
8705.160228339355	32.839771660645056	0.0037582709613922013	3	0
17873.2132731062	-6528.389989318486	-0.6067253931235348	0	5
5090.810052265139	-43.81005226513935	-0.008680414556199594	3	0
9937.175427624043	-2957.1754276240426	-0.42366410137880267	1	2
2587.0635757772707	4.936424222729329	0.0019044846538307596	3	0
18428.732374228788	-6528.389989318486	-0.6486609746134182	0	5
33016.568580203704	-6528.389989318486	-0.43015544400085354	0	5
2779.929500118513	7.070499881487194	0.0025369572592347307	3	0
8249.399239102673	67.60076089732684	0.008128022231252476	3	0
14370.145604512332	-4943.145604512332	-0.5243604120624092	0	4
11761.203018237418	-5342.203018237418	-0.8322484839129799	0	4
4625.421842479196	-119.42184247919613	-0.026502850084153602	3	0
2756.4852078649683	3.514792135031712	0.0012734754112433738	3	0
9634.63684415355	-296.63684415355056	-0.031766635698602545	3	0
2772.39044269805	35.60955730195019	0.012681466275623287	3	0
5883.476792720972	-45.4767927209723	-0.007789789777487547	3	0
4682.871012212319	61.12898778768067	0.01288553705473876	3	0
4146.5216858322265	-127.52168583222647	-0.03172970535760798	3	0
25809.63493388252	-5570.63493388252	-0.27524259765218245	0	4
11233.783513055847	11953.216486944153	0.515513714018379	9	9
10584.193083977501	1027.8069160224986	0.08851247985037018	4	0
4615.29338778579	-207.2933877857904	-0.04702663062291071	3	0
5632.150340364875	47.849659635125136	0.008424235851254425	3	0
2657.7753367471632	-36.77533674716324	-0.014031032715438091	3	0
6695.735470220327	-271.73547022032744	-0.042300042064185465	3	0
3566.31451084622	78.68548915378005	0.021587239822710578	3	0
2162.739582502032	-1.7395825020321354	-0.0008049895890940007	3	0
4431.443059929265	-7.443059929264564	-0.0016824276512804168	3	0
5516.23393284107	-575.2339328410699	-0.1164205490469682	3	0
4124.6797843793665	15.320215620633462	0.0037005351740660537	3	0
5472.266599632143	38.73340036785703	0.007028379671177106	3	0
5460.702558633286	-70.70255863328566	-0.013117357816936116	3	0
17694.571303759083	-273.5713037590831	-0.01570353617812313	3	0
2511.6215249750767	-31.62152497507668	-0.012750614909305114	3	0
11651.980945147236	11643.019054852764	0.4998076434794061	9	9
10700.194331078548	-2586.194331078548	-0.3187323553214873	2	2
12095.8258238654	-4458.8258238654	-0.5838452041201256	1	3
9884.3581378591	-533.3581378591007	-0.05703755083510862	3	0
6099.392995610342	80.60700438965796	0.013043204593795786	3	0
4952.169921805013	29.830078194987436	0.005987570894216667	3	0
6795.592759458469	67.40724054153088	0.009821833096536628	3	0
11682.102334434996	-4092.102334434996	-0.5391439175803684	1	3
5255.78149026163	12.218509738369903	0.002319383017913801	3	0
5393.527869595373	-187.52786959537298	-0.036021488589199575	3	0
15143.135996928951	-5032.1359969289515	-0.49768924902867684	0	4
3174.8446122660603	-33.84461226606027	-0.010775107375377353	3	0
5748.580381278414	42.41961872158572	0.007325093890793597	3	0
2434.1910639798584	42.80893602014157	0.0172825740896817	3	0
8618.277453852108	461.722546147892	0.050850500677080614	3	0
11230.97846731063	-1413.9784673106296	-0.14403366275956297	2	1
10577.419111926643	-1954.4191119266434	-0.22665187428118327	2	1
4710.157085238045	60.8429147619554	0.012752654529858604	3	0
3856.6711228449312	2.328877155068767	0.0006034923957161873	3	0
7261.76868940517	-236.76868940517033	-0.033703728029205744	3	0
6843.555589616368	545.4444103836322	0.0738184342108042	3	0
4986.857012089842	-103.8570120898421	-0.021269099342584908	3	0
3618.3916648232207	-109.39166482322071	-0.03117459812573973	3	0
2785.939068237482	-7.9390682374819335	-0.0028578359386184065	3	0
4040.676327386678	86.32367261332183	0.020916809453191625	3	0
20893.747123575544	12204.841828598455	0.41051384935177904	9	9
12164.291119963498	-4611.291119963498	-0.610524443262743	1	3
8614.556932266798	64.44306773320204	0.007425171993686144	3	0
7449.344617206993	-36.34461720699255	-0.004902821692566107	3	0
21729.969743781458	-6528.389989318486	-0.735481969793264	0	5
3057.901853201269	-18.901853201269205	-0.006219760842800001	3	0
12645.118681628754	-3560.1186816287536	-0.39186776902903175	1	2
10310.746225218203	-323.7462252182031	-0.03241676431543037	3	0
8695.37297408093	-39.37297408093036	-0.004548633789386594	3	0
12913.287383380863	493.7126166191374	0.036824988186703767	3	0
2513.808734267496	10.19126573250378	0.004037743951071228	3	0
4684.655473251281	58.344526748718636	0.0123011863269489	3	0
5618.216869210409	-119.21686921040873	-0.021679736172105606	3	0
3218.287715436787	-95.28771543678704	-0.030511596361443176	3	0
5300.613480067132	31.386519932868396	0.005886444098437434	3	0
11370.459463453211	-2447.4594634532114	-0.2742866147543664	2	2
13900.871508273403	12204.841828598455	0.4864652736239461	9	9
3893.9895056541877	60.010494345812276	0.015177160937231229	3	0
7654.212216454402	-106.21221645440164	-0.0140715708074194	3	0
4873.06610686416	-86.06610686416025	-0.017979132413653696	3	0
8779.358908469761	-78.35890846976145	-0.009005735946415521	3	0
5084.234526763727	55.765473236272555	0.010849313859196996	3	0
2817.6227526800526	-7.622752680052599	-0.0027127233736841993	3	0
6832.522136218042	13.477863781958149	0.0019687209731168785	3	0
2633.65068011397	89.34931988603012	0.03281282404922149	3	0
16404.023641048483	-5126.023641048483	-0.45451530777163357	0	4
7416.18254708946	248.81745291053994	0.03246150722903326	3	0
10030.649923107256	10833.350076892744	0.5192364875811323	9	8
21054.786082883777	-6528.389989318486	-0.8930755334367718	0	5
5477.295019869622	180.70498013037832	0.031937960433082065	3	0
12383.842707581909	-3686.842707581909	-0.42392120358536384	1	3
18115.55529358547	-6481.5552935854685	-0.557121823412882	0	5
2438.82520548412	52.17479451587997	0.02094532096181452	3	0
18329.25700344539	12204.841828598455	0.456411607596744	9	9
2843.651478411758	-22.651478411758035	-0.008029591780134007	3	0
3967.691852247177	-52.69185224717694	-0.013458966091232935	3	0
10157.09183311697	-1751.0918331169705	-0.2083145173824614	2	1
18690.610730275126	-867.6107302751261	-0.04867927567048904	3	0
2499.263016744499	62.736983255500945	0.024487503222287644	3	0
6249.24182583967	-192.24182583967013	-0.03173878584112104	3	0
7585.57263175245	235.42736824754957	0.030101952211680036	3	0
7472.929278606284	-168.92927860628424	-0.023128324015099157	3	0
15625.545178594235	-5640.545178594235	-0.5649018706654216	0	4
2574.056676646091	73.94332335390891	0.027924215768092488	3	0
5651.697001496354	-95.69700149635355	-0.017224082342756217	3	0
13194.056331868045	-5054.056331868045	-0.6208914412614306	0	4
10228.66907043756	79.33092956244036	0.007696054478312025	3	0
30430.668054691367	-6528.389989318486	-0.3927079201231747	0	5
4647.033346190678	234.96665380932245	0.048129179395600664	3	0
8095.638518410125	-2.6385184101245613	-0.00032602476339114805	3	0
12702.134517572813	-4038.134517572813	-0.4660820080301031	1	3
8868.676088802982	156.32391119701788	0.017321208996899488	3	0
4816.188788300496	-32.18878830049562	-0.00672842564809691	3	0
3938.012626626206	-64.01262662620593	-0.016523651684616916	3	0
10790.668649168876	-2984.668649168876	-0.382355707041875	1	2
4858.08719876097	-140.08719876096984	-0.029692072649633285	3	0
9666.814530755124	171.185469244876	0.01740043395455133	3	0
3186.716479221348	-61.71647922134798	-0.019749273350831355	3	0
9150.803215990893	-55.80321599089257	-0.006135592742264164	3	0
2534.60606869222	-3.6060686922201057	-0.0014247604473410138	3	0
16039.01759195802	-5252.01759195802	-0.48688398924242327	0	4
10910.974372149609	-26.974372149608826	-0.0024783509876524098	3	0
37653.942648805554	-6528.389989318486	-0.2368670186514323	0	5
5053.45398068152	50.54601931847992	0.009903216951112837	3	0
8339.354932837732	379.6450671622679	0.04354227172408165	3	0
28482.700514590804	567.2994854091958	0.019528381597562677	3	0
4425.993946348567	-6.9939463485670785	-0.0015826988795128035	3	0
9246.289179829773	-144.28917982977327	-0.015852469768157906	3	0
5425.430648379763	-75.43064837976272	-0.01409918661303976	3	0
4612.048951062991	-71.04895106299136	-0.01564610241422404	3	0
10968.707995260349	-248.70799526034898	-0.023200372692196734	3	0
5429.947614599606	93.05238540039409	0.016848159587252234	3	0
4893.435452269726	-18.43545226972583	-0.0037816312348155547	3	0
17272.964589989213	6855.035410010787	0.2841112156005797	7	5
3778.0838487592373	-56.0838487592373	-0.015068202245899328	3	0
3853.331908022608	182.66809197739212	0.045259685821950474	3	0
4950.034354207119	65.96564579288133	0.013151045811977936	3	0
2610.533621143065	10.46637885693508	0.0039932769389298284	3	0
9901.164540897818	9177.835459102182	0.4810438418733781	8	7
33681.50140644038	-5249.50140644038	-0.1846335610031085	0	4
15804.83344819415	-4710.833448194149	-0.42462893890338466	0	3
14426.079686737745	282.92031326225515	0.01923450358707289	3	0
28266.193017085632	6344.806982914368	0.18331764418578972	6	5
9527.036739992638	271.9632600073619	0.027754185121682	3	0
8095.638518410125	-2.6385184101245613	-0.00032602476339114805	3	0
5277.283448664652	131.7165513353484	0.024351368337095287	3	0
7584.079052194199	-108.079052194199	-0.014456802059149143	3	0
13426.784876266654	9332.215123733346	0.4100450425648467	8	7
4927.308709053222	-105.30870905322172	-0.021839217970390234	3	0
22816.03092669833	12204.841828598455	0.4729491585424271	9	9
11447.560380125651	-4079.560380125651	-0.5536862622320373	1	3
5468.067422342628	164.93257765737235	0.02927970489213072	3	0
5389.574608781904	-871.5746087819043	-0.19291159999599475	3	0
6408.7434260684	-13.743426068400368	-0.0021490892992025593	3	0
4854.624786503566	-87.6247865035657	-0.01838153692124307	3	0
22110.477590418515	-855.4775904185153	-0.04024829877292474	3	0
9884.3581378591	1124.6418621408993	0.10215658662375324	4	0
4324.228482961867	3.7715170381334246	0.000871422605853379	3	0
2424.0647855761686	24.93521442383144	0.010181794374778048	3	0
7896.920115917672	54.079884082328135	0.0068016455895268686	3	0
7837.470970160681	24.529029839319264	0.003119947829982099	3	0
2389.9200709719626	-11.92007097196256	-0.005012645488630177	3	0
8099.900932661623	138.0990673383767	0.016763664401356723	3	0
17991.23985379626	6286.760146203738	0.2589488485955902	6	5
2123.7649784643054	5.235021535694614	0.0024589110078415285	3	0
3026.0801495384685	8.919850461531496	0.0029389952097303115	3	0
3893.252582471562	111.74741752843784	0.027901976910970745	3	0
6616.045307924566	-150.04530792456626	-0.023205274965135518	3	0
5021.44079997658	-143.4407999765799	-0.029405658051779398	3	0
8223.335914179701	71.66408582029908	0.008639431684183132	3	0
4043.707899966127	19.292100033872885	0.004748240224925642	3	0
3497.660949473512	82.33905052648788	0.02299973478393516	3	0
4740.9889141404	-25.988914140400084	-0.005511964822990474	3	0
8923.880007318025	-85.88000731802458	-0.00971713140054589	3	0
12120.800163322261	12204.841828598455	0.5184234509387635	9	9
2678.5103037039635	12.489696296036527	0.0046412843909463125	3	0
2292.1441007953313	131.85589920466873	0.05439599802172802	3	0
12865.711944943137	-5334.7119449431375	-0.708367009021795	0	4
5854.734987621708	78.26501237829234	0.013191473517325525	3	0
10466.75982076188	-3053.7598207618794	-0.4119465561529582	1	2
3872.1286282391306	-19.12862823913065	-0.004964606342883635	3	0
2956.332704225407	-22.332704225406815	-0.007611691965032997	3	0
2314.1142294994083	-9.114229499408339	-0.003954112581088217	3	0
17857.350022504623	12204.841828598455	0.5020675899254211	9	9
2542.891195652559	31.108804347441037	0.012085782574763417	3	0
13867.62281785785	-2032.6228178578494	-0.1717467526707097	2	1
4316.642182096927	56.35781790307283	0.01288767845942667	3	0
2222.2841584765006	-1.2841584765005791	-0.0005781893185504634	3	0
3360.550938798267	38.449061201733	0.011311874434166815	3	0
10674.101255446969	4875.898744553031	0.31356262022849074	6	3
6840.511841974478	628.4881580255224	0.0841462254686735	3	0
8446.602769135006	119.39723086499362	0.013938504653863369	3	0
3561.6501568927633	125.34984310723667	0.03399778766130639	3	0
5110.820902814135	-66.82090281413457	-0.013247601668147218	3	0
9233.326439742821	-1809.326439742821	-0.2437131519050136	2	1
9209.155727152433	-43.15572715243252	-0.004708239924987183	3	0
16889.539561194906	12204.841828598455	0.5618341835418745	9	9
6411.522876184144	-121.52287618414357	-0.019320012111946512	3	0
31296.06856964175	12204.841828598455	0.5726098848818487	9	9
2916.9858499081356	-256.9858499081356	-0.09661122176997579	3	0
2524.117290373765	-19.117290373765172	-0.007631652843818432	3	0
12529.703923416102	4489.296076583898	0.2637814252649332	5	3
3556.23969764368	127.76030235632015	0.0346797780554615	3	0
3194.725465964047	-118.72546596404709	-0.0385973556450088	3	0
7881.374312540016	-39.374312540016035	-0.005020952887020662	3	0
4394.384367030312	28.615632969687795	0.006469733884170878	3	0
4835.0643725467435	-308.06437254674347	-0.06805044677418676	3	0
5364.120340627965	35.87965937203535	0.0066443813651917314	3	0
5583.867150520329	43.13284947967077	0.007665336676678651	3	0
5042.7446760425755	-121.74467604257552	-0.024739824434581493	3	0
11001.229283891653	12204.841828598455	0.5538836462331042	9	9
2660.1300411507214	61.869958849278646	0.022729595462629922	3	0
5843.100726119793	113.89927388020715	0.01912024070508765	3	0
19159.065277795817	3172.9347222041833	0.14208018637847858	5	2
5392.300751189859	27.6992488101414	0.005110562511096199	3	0
14430.723701091698	-3537.723701091698	-0.32477037557070576	1	2
4522.792470856995	-25.79247085699535	-0.005735483846340972	3	0
3301.786061955597	57.21393804440322	0.017033027104615427	3	0
2248.9735599560604	-106.9735599560604	-0.04994097103457535	3	0
9607.716360435403	33.28363956459725	0.0034523015833002025	3	0
6053.924783025282	81.07521697471839	0.013215194290907643	3	0
6869.496707496083	31.503292503916782	0.004565032966804345	3	0
7737.092903244496	-44.092903244495574	-0.005731561581242113	3	0
4198.55438900923	450.44561099076964	0.09689086061320061	3	0
25668.715809434085	-28.715809434084804	-0.0011199613663839627	3	0
4573.670399489236	-147.67039948923593	-0.03336430173728783	3	0
3924.27645719585	-32.27645719585007	-0.008293026000989226	3	0
11367.106422658353	-4348.106422658353	-0.6194766238293707	1	3
17320.596257081605	-5274.596257081605	-0.43787118189287766	0	4
2699.82937655363	37.17062344636997	0.013580790444417234	3	0
2348.522424662482	-12.52242466248208	-0.005360626995925548	3	0
2276.939981284825	-21.93998128482508	-0.009729481722760568	3	0
3507.2859903065632	47.714009693436765	0.013421662361023	3	0
19509.202085841127	6687.797914158873	0.25528869390231224	7	5
3410.257011155017	-71.25701115501715	-0.02134082394579729	3	0
9884.3581378591	1042.6418621408993	0.09541885807091602	4	0
11696.519564982376	8140.480435017624	0.41036852523151807	7	6
2877.435131108929	-7.435131108928999	-0.002590638017048432	3	0
6874.519000546164	46.480999453836375	0.006715936924409244	3	0
5162.150748965146	28.849251034854205	0.005557551730852284	3	0
3185.9362870436657	45.06371295633426	0.013947295870112739	3	0
23346.41761860423	-1242.4176186042314	-0.05620781843124464	2	1
10527.999201639896	23.000798360104454	0.0021799638290308457	3	0
15443.9007944677	-3804.9007944676996	-0.32690959656909524	1	3
36567.27222456786	12204.841828598455	0.37177191360888107	9	9
5896.021792873652	67.97820712634802	0.011398089726081157	3	0
5883.506154133206	-61.50615413320611	-0.010564437329647219	3	0
2600.242919789731	-61.24291978973088	-0.024120882154285497	3	0
2805.693376734462	50.30662326553784	0.01761436388849364	3	0
3586.8811843787275	-153.88118437872754	-0.04482411429616299	3	0
2880.537448520682	46.46255147931788	0.015873779118318374	3	0
10630.505645693762	-2120.505645693762	-0.2491781017266465	2	1
14292.674565763182	2009.3254342368182	0.12325637555127089	4	1
18772.44051444262	9555.55948555738	0.3373185359205514	8	7
2544.220220024399	-43.22022002439917	-0.01728117553954385	3	0
2941.163248981428	52.83675101857216	0.017647545430384822	3	0
4730.617818030667	184.38218196933303	0.03751417740983378	3	0
5394.4173047828335	-70.41730478283353	-0.013226390830735072	3	0
4286.353380383145	-3.3533803831451223	-0.0007829512918853893	3	0
5358.1673213586455	-24.167321358645495	-0.004530806403945537	3	0
7588.05850366362	-47.058503663620286	-0.006240353224190464	3	0
14745.055541884169	6783.944458115831	0.3151072719641336	7	5
2748.49544171756	-72.49544171755997	-0.027090972241240647	3	0
6830.539020235405	-168.53902023540468	-0.025298562028730813	3	0
3490.7217743457145	-197.7217743457145	-0.060043053248015336	3	0
2560.6259883000826	44.374011699917446	0.017034169558509577	3	0
2509.576864096011	35.42313590398908	0.013918717447539912	3	0
11109.75701427869	4827.24298572131	0.3028953369970076	6	3
2320.254074518094	31.745925481905942	0.013497417296728717	3	0
2643.9488368005527	18.051163199447274	0.006781053042617308	3	0
2445.7431516961115	26.256848303888546	0.010621702388304429	3	0
6100.74747818365	43.252521816350054	0.007039798472713225	3	0
4951.394061166826	69.60593883317415	0.01386296332068794	3	0
30500.86138999911	-6528.389989318486	-0.31787337495675383	0	5
17753.455812633903	-4192.455812633903	-0.30915535820617235	1	3
2615.1590802596365	-34.15908025963654	-0.013234823812334963	3	0
4944.57620127246	-176.5762012724599	-0.03703359926016357	3	0
2821.654600892445	-18.65460089244516	-0.006655226861378937	3	0
7573.766789378757	-118.76678937875658	-0.015931158870389883	3	0
17992.090681798592	2273.9093182014076	0.11220316383111653	4	1
4237.487855510637	36.51214448936298	0.008542850839813518	3	0
10406.243310705328	227.75668929467247	0.021417781577456503	3	0
4963.319297454109	54.68070254589111	0.01089691162731987	3	0
4939.567614161957	155.43238583804305	0.030506847073217477	3	0
4891.76281563999	-12.76281563998964	-0.0026158671121110145	3	0
2284.106327463675	-132.10632746367492	-0.06138769863553667	3	0
4625.603960745213	141.39603925478696	0.029661430512856503	3	0
3827.376840283119	-80.37684028311878	-0.021450984863389054	3	0
6839.315163241333	-222.3151632413328	-0.03359757643060795	3	0
4592.782619599495	-20.782619599494865	-0.004545629833660294	3	0
2660.1986912438965	59.80130875610348	0.021985775277979222	3	0
2707.7132640867744	11.286735913225584	0.004151061387725481	3	0
14829.544213417017	1638.455786582983	0.09949330741941845	4	1
6614.45410708033	74.54589291967022	0.011144549696467368	3	0
2539.7820259068867	11.217974093113298	0.004397481024348607	3	0
8217.219459082047	-56.21945908204725	-0.0068887953782682575	3	0
4943.496769810619	64.5032301893807	0.01288003797711276	3	0
5294.607988055888	71.3920119441118	0.013304512102890756	3	0
6962.589074836362	440.41092516363824	0.05949087196591088	3	0
4531.838016975182	-197.83801697518174	-0.04564790423977429	3	0
15533.35955065354	12204.841828598455	0.5167721402814266	9	9
9557.922822918254	-1975.9228229182536	-0.2606070723975539	2	1
11029.448130387022	6055.551869612978	0.3544367497578565	6	4
8578.857215112039	-228.85721511203883	-0.027408049714016627	3	0
13708.027493179885	-1151.027493179885	-0.09166421065380942	2	0
5899.778403907974	-23.77840390797428	-0.004046699099382961	3	0
6332.112809262704	99.8871907372959	0.015529724928062172	3	0
8610.15454366606	69.84545633394009	0.008046711559209689	3	0
2307.2841533563437	88.71584664365628	0.037026647180157045	3	0
6771.214772712859	126.78522728714142	0.018379998157022532	3	0
5073.149685760051	-111.1496857600514	-0.02240017850867622	3	0
16932.871225200302	-6385.871225200302	-0.6054680217313266	0	5
4916.330064503823	195.66993549617655	0.038276591450738764	3	0
5736.593238656185	9.406761343814651	0.0016370973449033504	3	0
3547.6326041197644	-65.63260411976444	-0.018849110890225285	3	0
4825.354341908657	64.64565809134274	0.013219970979824691	3	0
5129.4200040674195	-16.42000406741954	-0.0032114226613376767	3	0
9615.877033656934	165.12296634306585	0.016882012712715045	3	0
14855.757790123953	187.24220987604713	0.012447132212726659	3	0
18803.371956921488	-3429.371956921488	-0.22306309073250216	1	2
5351.92839090299	-60.92839090299003	-0.011515477396142513	3	0
2762.586726037416	14.413273962583844	0.005190231891459792	3	0
16241.327091085308	777.672908914692	0.045694395024072625	3	0
2694.050490757316	-46.050490757315856	-0.017390668714998433	3	0
8138.601330211606	190.39866978839382	0.022859727432872352	3	0
6201.03934522307	63.960654776929914	0.01020920267788187	3	0
4685.389586932285	-181.38958693228506	-0.040272998874841266	3	0
5873.015741603641	21.98425839635911	0.003729305919653793	3	0
7286.741520668408	465.25847933159184	0.06001786369086582	3	0
13641.442768545623	12204.841828598455	0.511584576851213	9	9
8538.399307457834	23.600692542166144	0.002756446220762222	3	0
14482.865636843733	-3201.8656368437332	-0.2838281745274119	1	2
5202.9858114284425	11.014188571557497	0.002112425886374664	3	0
7172.801531072971	-12.801531072970647	-0.0017879233342137776	3	0
3563.0048847884545	16.995115211545453	0.004747238885906551	3	0
5729.312499456256	91.68750054374414	0.015751159687982158	3	0
9720.481927843277	376.51807215672306	0.03729009331055987	3	0
2615.7777450410567	9.222254958943267	0.00351323998435934	3	0
7820.573143928462	401.42685607153817	0.04882350475207226	3	0
3736.7471500865886	20.25284991341141	0.005390697341871549	3	0
21227.337893626252	11497.662106373748	0.3513418519900305	9	9
5193.056798337875	-12.05679833787508	-0.00232711799611563	3	0
13635.394671345039	-578.3946713450387	-0.04429766955235036	3	0
2412.751694129716	73.24830587028418	0.02946432255441842	3	0
2501.1628311762215	-83.16283117622152	-0.03439323042854488	3	0
7157.207212252466	21.79278774753402	0.0030356299968705975	3	0
7725.394287119107	-1.3942871191065933	-0.00018051360941307527	3	0
18784.947814688658	12204.841828598455	0.43554844306824947	9	9
5457.394532738385	-109.39453273838535	-0.02045522302512815	3	0
4422.425558984299	-9.425558984298732	-0.002135861995082423	3	0
15946.289555497344	-3442.289555497344	-0.27529507001738196	1	2
4738.419942389185	264.58005761081495	0.05288428095359084	3	0
12711.888566310321	3066.111433689679	0.1943282693427354	5	2
7748.950716511094	-275.95071651109356	-0.03692636377774569	3	0
3270.3988826530126	-226.3988826530126	-0.07437545422240888	3	0
17216.03718479174	-4917.037184791741	-0.3997916240988488	0	4
4426.467187508372	203.53281249162774	0.04395957073253299	3	0
17694.571303759083	-168.5713037590831	-0.009618355800472617	3	0
2265.345045207042	23.65495479295805	0.010334187327635672	3	0
4915.971019598224	-27.971019598224302	-0.005722385351518883	3	0
3487.2925506121105	83.70744938788948	0.02344089873645743	3	0
8188.994359137174	66.00564086282611	0.007995837778658524	3	0
2591.6199628744125	-158.61996287441252	-0.06519521696441123	3	0
2916.9858499081356	-256.9858499081356	-0.09661122176997579	3	0
8012.050005467562	510.9499945324378	0.0599495476396149	3	0
18510.716553290455	6571.283446709545	0.2619920040949504	6	5
8868.012202877957	11.987797122043048	0.001349977153383226	3	0
5208.119588727218	70.88041127278211	0.013426863283345731	3	0
4470.09039545016	38.90960454983997	0.008629320148556214	3	0
3044.623342982259	49.376657017740854	0.015958841957899435	3	0
2334.9304114125744	2.069588587425642	0.0008855749197371167	3	0
11278.486625818452	10907.513374181548	0.49163947418108483	9	8
3500.1486880703496	47.851311929650365	0.01348684101737609	3	0
3056.3816889855834	-251.38168898558342	-0.08961914045831851	3	0
5159.99305743309	-91.99305743309014	-0.01815174771765788	3	0
3221.1377713584707	-85.13777135847067	-0.027148524030124577	3	0
21661.794518854083	12204.841828598455	0.6234106757731249	9	9
12175.267345589089	-4763.267345589089	-0.6426426532095371	0	3
3132.3571844858457	46.642815514154336	0.014672165937135682	3	0
7283.494059453779	95.5059405462207	0.012942938141512495	3	0
6121.830813185547	39.16918681445259	0.006357602144855152	3	0
9601.523063703018	59.476936296981876	0.006156395434942747	3	0
8582.422682044453	-18.422682044452813	-0.0021511772588104637	3	0
10324.419154905654	-3373.419154905654	-0.4853142216811472	1	2
7239.653024694511	15.34697530548874	0.0021153653074415905	3	0
4531.838016975182	-197.83801697518174	-0.04564790423977429	3	0
2511.418957216939	-13.418957216938907	-0.005371880391088433	3	0
8843.274616315584	3284.7253836844156	0.2708381747760897	5	2
5472.657744044493	33.342255955507426	0.006055622222213481	3	0
2872.958362677131	-35.958362677130935	-0.012674784165361627	3	0
13929.042752932244	-4701.042752932244	-0.5094324613060516	0	3
2433.219168704307	-31.219168704306867	-0.012997155996797197	3	0
2433.8208504958607	-18.820850495860668	-0.007793312834724914	3	0
12489.252773759248	6198.747226240752	0.33169666236305395	6	5
2398.2323885732458	-24.23238857324577	-0.01020740883456014	3	0
4859.321499671492	-155.32149967149235	-0.03301902629070841	3	0
3799.778392749214	45.22160725078584	0.01176114622907304	3	0
5122.934546684606	51.065453315393825	0.009869627621838776	3	0
3886.564129595919	98.43587040408102	0.024701598595754333	3	0
17058.39339043028	-4034.3933904302794	-0.3097660772750522	1	3
3755.7192627598224	-54.71926275982241	-0.01478499399076531	3	0
5179.762843625682	-10.762843625681853	-0.0020821906801473888	3	0
5914.970295909829	129.02970409017144	0.021348395779313606	3	0
18460.757436498465	-6528.389989318486	-0.7158432416115312	0	5
2437.557618347272	-66.55761834727218	-0.02807153873777823	3	0
12046.083112290082	-810.0831122900818	-0.07209710860538286	3	0
3000.215137286071	-208.21513728607079	-0.07457562223713136	3	0
15508.001596529757	-1780.001596529757	-0.12966212095933546	2	1
5531.163526779506	53.836473220493644	0.00963947595711614	3	0
8723.55507720759	-15.55507720758942	-0.0017862973366547337	3	0
5413.423253831725	114.57674616827535	0.020726618337242285	3	0
12559.922987267411	-769.9229872674114	-0.06530305235516635	3	0
4684.095506097898	1.904493902102331	0.0004064220875165026	3	0
11404.142379867364	-3612.142379867364	-0.46357063396655085	1	2
2554.408749615464	-4.408749615463876	-0.0017289214178289709	3	0
6797.205135526846	-108.20513552684588	-0.016176578790080113	3	0
5274.44835157556	-31.448351575560082	-0.005998159751203525	3	0
18626.287822196788	-4434.287822196788	-0.31244981836223135	1	3
4565.244335033262	-44.24433503326236	-0.009786404563871347	3	0
5087.566696412594	-32.566696412593956	-0.006442472089533918	3	0
4004.573856687413	168.4261433125871	0.04036092578782341	3	0
2814.7071125717803	82.29288742821973	0.028406243503009916	3	0
3063.8894180684847	39.1105819315153	0.012604119217375217	3	0
15379.241654569152	1913.7583454308478	0.1106666480906059	4	1
15179.100786324394	434.899213675606	0.027853158298681055	3	0
4919.576388845834	41.42361115416588	0.008349851069172723	3	0
2657.1185135665723	6.8814864334276535	0.0025831405530884585	3	0
15872.977528808846	-710.9775288088458	-0.04689206759061112	3	0
11380.982142754321	4729.017857245679	0.29354549082840964	6	3
2291.5865468222373	20.413453177762676	0.008829348260277974	3	0
14409.908962504416	12204.841828598455	0.4615935972760269	9	9
2386.94027486164	84.05972513836014	0.03401850470997982	3	0
5065.710310216253	144.28968978374724	0.027694758115882387	3	0
8451.650153214752	117.34984678524779	0.013694695622038486	3	0
9733.684904561725	-3174.6849045617255	-0.48401965308152545	1	2
9955.15564811087	-2131.155648110869	-0.27238696933932377	2	1
2702.150183087695	-22.15018308769504	-0.008264993689438447	3	0
5954.858725997398	-83.85872599739832	-0.014283550672355361	3	0
17110.09866325174	-6528.389989318486	-0.6187415953880551	0	5
4965.58968715444	247.41031284555993	0.04746025567726068	3	0
6847.23649083942	106.76350916057982	0.015352819839024996	3	0
2959.136430115374	-82.13643011537397	-0.028549332678266932	3	0
4325.374372179908	423.6256278200917	0.08920312230366219	3	0
3941.4808740971716	21.519125902828364	0.005430009059507536	3	0
9978.651370160456	-2.651370160456281	-0.00026577487574742193	3	0
6165.870897053275	105.12910294672474	0.016764328328292895	3	0
4601.548321891856	17.451678108143824	0.003778237304209531	3	0
16468.37284801234	12204.841828598455	0.48318302689432485	9	9
6894.672705752908	97.32729424709214	0.01391980752961844	3	0
12460.542832224328	12204.841828598455	0.49566750992737574	9	9
10151.422931759853	-2735.422931759853	-0.36885422488671155	2	2
20820.490766694515	-6528.389989318486	-0.5143276432245628	0	5
12003.290066253974	-4707.290066253974	-0.6451877832036697	0	3
7271.916401678991	169.08359832100905	0.022723235898536358	3	0
12749.568029200806	-767.5680292008055	-0.06406009257225885	3	0
15265.647248639718	54.35275136028213	0.0035478297232560134	3	0
2471.203826476979	0.7961735230210252	0.00032207666788876423	3	0
4796.187406057866	152.8125939421343	0.030877468971940655	3	0
15880.411951610713	4719.588048389287	0.22910621594122751	6	3
5038.055235173594	-18.055235173594156	-0.0035966603931462462	3	0
9884.3581378591	1124.6418621408993	0.10215658662375324	4	0
5179.762843625682	-10.762843625681853	-0.0020821906801473888	3	0
6683.190480931202	220.80951906879818	0.03198283879907274	3	0
4919.6585639003815	-116.65856390038152	-0.02428868704984	3	0
19317.576017441253	-682.5760174412535	-0.036628710353702895	3	0
2629.614472458004	-12.614472458004002	-0.004820203461216661	3	0
7742.68828274234	424.31171725766035	0.051954416218643364	3	0
4285.655699413562	-18.655699413561706	-0.004372087980680034	3	0
5224.529206328064	-6.529206328063992	-0.001251285229602145	3	0
4877.338916152727	181.6610838472734	0.03590849651062925	3	0
11910.248002245191	-3474.248002245191	-0.4118359414705063	1	2
4663.67115667742	-13.671156677420186	-0.002940033694068857	3	0
10944.422023947469	6309.577976052531	0.3656878391128162	6	5
22087.772567164364	-3515.772567164364	-0.18930500577021128	1	2
3114.1407974499994	95.85920255000065	0.029862679922118582	3	0
7556.715626175809	70.28437382419088	0.00921520569348248	3	0
11966.511968175331	-4754.511968175331	-0.6592501342450543	0	3
15373.790935341432	7578.2090646585675	0.3301764144588083	7	6
2437.205740649004	9.794259350996072	0.004002557969348619	3	0
2332.9630425702844	22.036957429715585	0.009357519078435492	3	0
15275.556579436434	-161.55657943643382	-0.01068920070374711	3	0
4881.668968484769	-99.66896848476881	-0.02084252791400435	3	0
11299.630039606815	-3431.6300396068145	-0.4361502338086953	1	2
5674.02714234675	-15.027142346750225	-0.0026554413053101653	3	0
4372.5931664822665	-65.5931664822665	-0.015229432663632806	3	0
3615.2975131667395	-47.29751316673946	-0.013256029474983033	3	0
8581.02113518488	-16.021135184879313	-0.0018705353397407253	3	0
5485.271670664838	83.72832933516202	0.01503471526937727	3	0
2620.138784552419	-185.1387845524191	-0.07603235505232818	3	0
5194.173722913309	69.82627708669133	0.013264870267228597	3	0
5179.762843625682	-10.762843625681853	-0.0020821906801473888	3	0
2361.181162692873	34.81883730712707	0.014532068992957874	3	0
5305.84454346091	27.155456539089755	0.00509196634897614	3	0
2649.2390160441705	19.760983955829488	0.007403890579179276	3	0
11461.803880013342	-3204.8038800133418	-0.3881317524540804	1	2
9477.61756373404	71.38243626595977	0.0074753834187830945	3	0
5829.759023328941	67.24097667105889	0.011402573625751889	3	0
7417.599763238265	298.40023676173496	0.038672918190997274	3	0
18048.60862675489	-6528.389989318486	-0.5846012841751439	0	5
8803.753380665707	245.24661933429343	0.027102068663310136	3	0
5164.106359425957	-47.106359425956725	-0.009205854880976494	3	0
2694.050490757316	-46.050490757315856	-0.017390668714998433	3	0
4010.7712252704096	28.22877472959044	0.006989050440601744	3	0
5668.801151640498	-255.80115164049766	-0.047256817225290536	3	0
5510.361448175651	9.638551824348724	0.00174611446093274	3	0
3431.4443672148022	20.55563278519776	0.0059547024290839395	3	0
3610.828365743433	59.171634256566904	0.01612306110533158	3	0
22392.962738870476	-6528.389989318486	-0.42958138016282404	0	5
19330.623635172	-6528.389989318486	-0.5876004956613009	0	5
5212.562985696543	-7.562985696543365	-0.0014530231885770152	3	0
4849.101758754204	-311.10175875420373	-0.06855481682551867	3	0
4604.9219029328115	89.07809706718854	0.018977012583551032	3	0
7566.357924414814	-84.35792441481408	-0.011274782733869832	3	0
4253.359471248559	1.6405287514407974	0.0003855531730765681	3	0
18864.474103291	-1242.4741032909988	-0.0705069857729542	2	1
8222.475746871081	199.52425312891864	0.023690839839577135	3	0
4615.082019062767	44.91798093723264	0.009639051703268807	3	0
2471.203826476979	0.7961735230210252	0.00032207666788876423	3	0
5390.71133838629	93.28866161371025	0.017011061563404494	3	0
7282.3614151214515	-38.3614151214515	-0.005295612247577512	3	0
2553.3118899228243	41.68811007717568	0.01606478230334323	3	0
9111.581735613665	-120.58173561366493	-0.013411382005746294	3	0
9666.950439846032	213.04956015396783	0.02156372066335707	3	0
2733.3855588370084	20.614441162991625	0.007485272753446487	3	0
3038.0584322518025	51.941567748197485	0.016809568850549347	3	0
12306.075439869803	5360.924560130197	0.3034428346708664	6	4
11412.44956679915	-4229.4495667991505	-0.5888138057634903	1	3
15530.781312431802	-5386.781312431802	-0.531031280799665	0	4
5710.287861236737	114.71213876326328	0.019693071032319875	3	0
4637.393411431716	-165.39341143171623	-0.03698421543643028	3	0
14786.074967607346	519.9250323926535	0.03396870719931096	3	0
8983.463566060978	132.53643393902166	0.014538880423324008	3	0
5277.300689049532	23.699310950468316	0.004470724570924036	3	0
5428.726469818461	-39.72646981846083	-0.007371770239090894	3	0
8991.3188073205	60.68119267949987	0.0067036226999005605	3	0
19538.36651053659	-806.3665105365908	-0.04304753953323675	3	0
5281.551734808163	-20.55173480816302	-0.003906431250363622	3	0
4303.582925795552	9.417074204448	0.002183416231033619	3	0
2834.5625628472276	16.437437152772418	0.00576549882594613	3	0
5600.847901696895	-193.84790169689495	-0.03585128568464859	3	0
13442.982854511138	1280.0171454888623	0.08693996777075748	4	1
4644.434667238422	118.56533276157825	0.024892994491198455	3	0
5290.985464474127	-95.98546447412718	-0.0184765090421804	3	0
4932.553813710765	-2.553813710765098	-0.0005180149514736508	3	0
8244.38152426365	184.61847573634986	0.021902773251435505	3	0
4740.206951385775	-175.20695138577503	-0.038380493184178535	3	0
4963.696737307752	178.3032626922477	0.034675858166520364	3	0
5154.2016506279115	50.79834937208852	0.009759529178114991	3	0
4533.611607715676	165.38839228432425	0.035196508253739996	3	0
3528.677663079856	-37.67766307985585	-0.010792799507263204	3	0
2265.4398317934947	44.560168206505296	0.01929011610671225	3	0
23177.92195755579	-6528.389989318486	-0.625950330238919	0	5
13522.297859265002	213.70214073499847	0.015557814555547354	3	0
3222.9556847861745	15.044315213825485	0.004646175174127697	3	0
2273.14136388517	-94.14136388517	-0.04320393019053235	3	0
4830.497295116155	219.50270488384467	0.04346588215521677	3	0
3331.6933056716266	42.306694328373396	0.01253903210680895	3	0
7828.902665806914	72.09733419308577	0.009125089759914665	3	0
10188.92303823679	-1932.9230382367896	-0.234123430018991	2	1
2451.8931239520225	139.1068760479775	0.0536884894048543	3	0
3951.956460070219	62.04353992978122	0.015456786230638071	3	0
4484.540699022731	-261.54069902273113	-0.0619324411609593	3	0
28536.724878768433	12204.841828598455	0.5332178804487048	9	9
2731.470413138753	3.529586861247026	0.0012905253606022033	3	0
5573.040137618393	1.9598623816073086	0.0003515448218129702	3	0
15362.369607839699	2135.630392160301	0.12204997097727176	4	1
24238.779910458357	1152.2200895416427	0.045379074850996126	4	0
5013.877699691433	-309.877699691433	-0.0658753613289611	3	0
29782.87185076547	12005.12814923453	0.2872864973014868	9	9
8993.277628985372	-1281.2776289853718	-0.16614077139333142	2	1
3220.1555112831347	-27.15551128313473	-0.008504701310095437	3	0
2666.1268624138525	118.87313758614755	0.042683352813697506	3	0
2489.8063471519185	-39.806347151918544	-0.01624748863343614	3	0
3435.6265647235623	86.3734352764377	0.024523973673037394	3	0
8023.507948880758	109.4920511192422	0.013462689182250364	3	0
11535.977694925437	-2065.9776949254374	-0.2181602634556956	2	1
12559.922987267411	-769.9229872674114	-0.06530305235516635	3	0
15715.50437196147	-5503.50437196147	-0.5389252224795799	0	4
2489.486631385992	67.51336861400796	0.026403351041849026	3	0
11110.490570872542	4441.509429127458	0.28559088407455363	5	3
10605.311315388799	-2849.311315388799	-0.3673686585080968	1	2
24538.453875286803	-6528.389989318486	-0.3939927214274159	0	5
4123.871386564699	21.128613435301304	0.0050973735670208214	3	0
19861.548375579958	6371.451624420042	0.24287925987954265	6	5
7585.164725498844	-142.16472549884384	-0.01910046023093428	3	0
2879.664201008188	-42.664201008187774	-0.015038491719488113	3	0
20486.850952674995	-6454.850952674995	-0.46000933243122827	0	5
4905.5242356248955	35.47576437510452	0.007179875404797515	3	0
2867.6429166940743	39.3570833059257	0.013538728347411662	3	0
2940.2523769594477	-43.2523769594477	-0.014930057631842493	3	0
25213.237960277613	-6330.237960277613	-0.3352347593220152	0	5
2251.7987917069095	-133.79879170690947	-0.0631722340448109	3	0
2267.6433916072324	23.356608392767612	0.01019494037222506	3	0
5686.003192153282	22.996807846718184	0.004028167428046625	3	0
3744.3128648261695	-143.31286482616952	-0.039798074097797696	3	0
2850.5298542616115	82.47014573838851	0.028118017640091548	3	0
2526.588642192368	11.411357807632157	0.004496200869831425	3	0
6539.5335529525355	116.4664470474645	0.017497963799198393	3	0
2567.991583159273	135.00841684072702	0.049947619992869785	3	0
9052.998319541843	139.00168045815735	0.015122027900147666	3	0
4776.308242861565	-65.3082428615653	-0.013862925676409532	3	0
7389.340628973604	245.659371026396	0.03217542515080498	3	0
15263.759291136112	-2982.7592911361116	-0.24287592957707937	1	2
5696.187680195585	-87.18768019558502	-0.015544246781170444	3	0
4681.968872367081	100.03112763291938	0.020918261738377117	3	0
5904.570330460873	21.429669539126735	0.0036162115320834856	3	0
4785.917182867835	88.08281713216456	0.018071977253213904	3	0
3784.6021291378393	-161.60212913783926	-0.04460450707641161	3	0
9386.571522528833	37.42847747116684	0.003971612634886125	3	0
2491.302958375184	-376.30295837518406	-0.17792102050836126	3	0
5562.397262306647	115.60273769335345	0.02035976359516616	3	0
14852.784939238838	-6528.389989318486	-0.8193024178391521	0	5
7424.10963005635	99.8903699436496	0.013276232049926848	3	0
